{
  "usersBook": {
    "title": "Users’ Book — Promagen Functionality",
    "sections": [
      {
        "id": "overview",
        "title": "What is Promagen?",
        "summary": "Promagen compares 20 AI image providers, runs prompts across them, and curates a popular prompt library. This manual is the single source of truth for users.",
        "status": "in-review",
        "videoUrl": "",
        "lastUpdated": "2025-09-28",
        "tags": [
          "intro",
          "core"
        ],
        "priority": 1,
        "owner": "docs",
        "eta": "",
        "checklist": [
          {
            "id": "ov-1",
            "text": "Short pitch written",
            "done": true
          },
          {
            "id": "ov-2",
            "text": "Feature table added",
            "done": false
          }
        ]
      },
      {
        "id": "leaderboard",
        "title": "Provider Leaderboard",
        "summary": "Ranking across 7 weighted criteria (Adoption, Quality, Speed/Uptime, Cost, Trust/Safety, Automation/Innovation, Ethical/Environmental) with ▲/▼ movement and debounced updates.",
        "status": "done",
        "videoUrl": "https://youtu.be/VIDEO_ID",
        "lastUpdated": "2025-09-28",
        "tags": [
          "core",
          "providers",
          "ranking"
        ],
        "priority": 2,
        "owner": "docs",
        "eta": "2025-10-01",
        "checklist": [
          {
            "id": "lb-2",
            "text": "Movement chips wired",
            "done": false
          },
          {
            "id": "le-write-rubric",
            "text": "Write rubric",
            "done": false
          }
        ]
      },
      {
        "id": "providers-directory",
        "title": "Providers Directory (20)",
        "summary": "Canonical list: openai, stability, leonardo, i23rf, artistly, adobe, midjourney, canva, bing, ideogram, picsart, fotor, nightcafe, playground, pixlr, deepai, novelai, lexica, openart, flux.",
        "status": "draft",
        "videoUrl": "https://youtu.be/VIDEO_ID",
        "lastUpdated": "2025-09-28",
        "tags": [
          "providers",
          "canonical"
        ],
        "priority": 3,
        "owner": "dev",
        "eta": "",
        "checklist": []
      },
      {
        "id": "prompt-library",
        "title": "Prompt Library",
        "summary": "Curated packs, community trending, like button, Refine/Remix, 'run across providers' buttons.",
        "status": "draft",
        "videoUrl": "",
        "lastUpdated": "2025-09-28",
        "tags": [
          "prompts",
          "community"
        ],
        "priority": 4,
        "owner": "prod",
        "eta": "",
        "checklist": []
      },
      {
        "id": "popular-prompt-grid",
        "title": "Popular Prompt Grid",
        "summary": "Usage + likes + recency blended ranking; remix with attribution.",
        "status": "draft",
        "videoUrl": "",
        "lastUpdated": "2025-09-28",
        "tags": [
          "prompts",
          "engagement"
        ],
        "priority": 5,
        "owner": "prod",
        "eta": "",
        "checklist": []
      },
      {
        "id": "prompt-runner",
        "title": "Run Across Providers",
        "summary": "Automated for API providers with your keys; smart handoff for UI-only providers.",
        "status": "draft",
        "videoUrl": "",
        "lastUpdated": "2025-09-28",
        "tags": [
          "core",
          "runner"
        ],
        "priority": 6,
        "owner": "dev",
        "eta": "",
        "checklist": []
      },
      {
        "id": "workspace",
        "title": "Workspace & History",
        "summary": "Prompt history, side-by-side outputs, reruns, favorites, export/share (roadmap).",
        "status": "draft",
        "videoUrl": "",
        "lastUpdated": "2025-09-28",
        "tags": [
          "workspace"
        ],
        "priority": 7,
        "owner": "prod",
        "eta": "",
        "checklist": []
      },
      {
        "id": "api-keys-security",
        "title": "API Keys & Security",
        "summary": "Keys encrypted (AES-256-GCM planned), stored server-side, controllable by you.",
        "status": "draft",
        "videoUrl": "",
        "lastUpdated": "2025-09-28",
        "tags": [
          "security",
          "keys"
        ],
        "priority": 8,
        "owner": "devsec",
        "eta": "",
        "checklist": []
      },
      {
        "id": "affiliates-transparency",
        "title": "Affiliate Links & Transparency",
        "summary": "Upfront affiliate disclosure (ASA/CMA); links never raise your price; sometimes discount.",
        "status": "draft",
        "videoUrl": "",
        "lastUpdated": "2025-09-28",
        "tags": [
          "legal",
          "affiliates"
        ],
        "priority": 9,
        "owner": "legal",
        "eta": "",
        "checklist": []
      },
      {
        "id": "help-youtube",
        "title": "Help Videos (YouTube)",
        "summary": "Short tutorials per section; open in modal or on channel.",
        "status": "draft",
        "videoUrl": "",
        "lastUpdated": "2025-09-28",
        "tags": [
          "help",
          "video"
        ],
        "priority": 10,
        "owner": "docs",
        "eta": "",
        "checklist": []
      },
      {
        "id": "pricing-accounts",
        "title": "Accounts & Pricing",
        "summary": "Free browsing, paid tiers unlock API usage, batch runs, workspace features.",
        "status": "draft",
        "videoUrl": "",
        "lastUpdated": "2025-09-28",
        "tags": [
          "pricing",
          "accounts"
        ],
        "priority": 11,
        "owner": "prod",
        "eta": "",
        "checklist": []
      },
      {
        "id": "languages",
        "title": "Languages & Regions",
        "summary": "English first; roadmap for top languages and light regionalizations.",
        "status": "draft",
        "videoUrl": "",
        "lastUpdated": "2025-09-28",
        "tags": [
          "i18n"
        ],
        "priority": 12,
        "owner": "prod",
        "eta": "",
        "checklist": []
      }
    ]
  },
  "developersBook": {
    "title": "Developers’ Book — Build Status",
    "inProgress": [],
    "done": [
      {
        "id": "root-middleware",
        "title": "App Router root middleware for guards",
        "owner": "dev",
        "eta": "",
        "tags": [
          "security",
          "routing"
        ],
        "completedAt": "2025-09-28T23:13:36.923Z"
      },
      {
        "id": "logger-redaction",
        "title": "Structured logging → Logtail; tighten redaction",
        "owner": "dev",
        "eta": "",
        "tags": [
          "observability"
        ],
        "completedAt": "2025-09-28T23:13:36.552Z"
      },
      {
        "id": "provider-registry-frontend",
        "title": "Provider registry lives in frontend as source of truth",
        "owner": "dev",
        "eta": "",
        "tags": [
          "providers",
          "frontend"
        ],
        "completedAt": "2025-09-28T22:47:27.966Z"
      },
      {
        "id": "docs-single-column",
        "title": "Docs: single-column layout + drawers + search",
        "completedAt": "2025-09-28T18:30:00.000Z",
        "tags": [
          "docs"
        ]
      },
      {
        "id": "books-cli",
        "title": "Books JSON + CLI updater",
        "completedAt": "2025-09-28T18:31:00.000Z",
        "tags": [
          "docs",
          "tooling"
        ]
      },
      {
        "id": "tsconfig-fix",
        "title": "Fixed tsconfig alias + moved ESLint preset",
        "completedAt": "2025-09-28T18:45:00.000Z",
        "tags": [
          "tooling"
        ]
      }
    ],
    "queued": [
      {
        "id": "providers-api",
        "title": "First API providers: OpenAI, Stability, Leonardo",
        "tags": [
          "providers",
          "api"
        ]
      },
      {
        "id": "popular-prompt-grid-ui",
        "title": "Popular Prompt Grid UI + likes + remix",
        "tags": [
          "prompts",
          "ui"
        ]
      }
    ]
  },
  "historyBook": {
    "title": "History Book — Chronology & Ticks",
    "entries": [
      {
        "date": "2025-09-29",
        "item": "Logger redaction completed",
        "status": "done"
      },
      {
        "date": "2025-09-28",
        "item": "Provider registry complete (frontend source of truth)",
        "status": "done"
      },
      {
        "date": "2025-09-28",
        "item": "Provider registry: frontend is the source of truth (MVP complete)",
        "status": "done"
      },
      {
        "date": "2025-09-28",
        "item": "Fixed Next.js client/server boundary: moved YouTube helpers to shared util",
        "status": "done"
      },
      {
        "date": "2025-09-28",
        "item": "Docs rebuilt from scratch: single-column layout with drawers and omni-search",
        "status": "done",
        "tags": [
          "docs",
          "layout"
        ]
      },
      {
        "date": "2025-09-28",
        "item": "Books JSON and CLI updater added",
        "status": "done",
        "tags": [
          "docs",
          "tooling"
        ]
      }
    ]
  }
}